{
  "market_consensus": {
    "brier": {
      "overall": 0.21089034023438277,
      "n_markets": 700,
      "by_category": {
        "crypto": {
          "brier": 0.13503214285714285,
          "n": 56
        },
        "finance": {
          "brier": 0.3030235294117647,
          "n": 34
        },
        "other": {
          "brier": 0.14663029537259645,
          "n": 57
        },
        "science": {
          "brier": 0.1248181639149652,
          "n": 2
        },
        "sports": {
          "brier": 0.22105862226277373,
          "n": 548
        },
        "weather": {
          "brier": 0.003650000000000002,
          "n": 3
        }
      }
    },
    "log_score": -0.6077065858836136
  },
  "openai/gpt-5.4": {
    "brier": {
      "overall": 0.21278300000000003,
      "n_markets": 700,
      "by_category": {
        "crypto": {
          "brier": 0.15723214285714285,
          "n": 56
        },
        "finance": {
          "brier": 0.3377264705882353,
          "n": 34
        },
        "other": {
          "brier": 0.14857894736842103,
          "n": 57
        },
        "science": {
          "brier": 0.12625,
          "n": 2
        },
        "sports": {
          "brier": 0.21884653284671532,
          "n": 548
        },
        "weather": {
          "brier": 0.0036666666666666683,
          "n": 3
        }
      }
    },
    "log_score": -0.6191961954702083
  },
  "anthropic/claude-opus-4-6": {
    "brier": {
      "overall": 0.20871957142857142,
      "n_markets": 700,
      "by_category": {
        "crypto": {
          "brier": 0.13835714285714287,
          "n": 56
        },
        "finance": {
          "brier": 0.18690588235294117,
          "n": 34
        },
        "other": {
          "brier": 0.15945087719298248,
          "n": 57
        },
        "science": {
          "brier": 0.12905,
          "n": 2
        },
        "sports": {
          "brier": 0.22378832116788322,
          "n": 548
        },
        "weather": {
          "brier": 0.006033333333333335,
          "n": 3
        }
      }
    },
    "log_score": -0.6008369838309449
  },
  "google/gemini-2.5-pro": {
    "brier": {
      "overall": 0.2102955585714286,
      "n_markets": 700,
      "by_category": {
        "crypto": {
          "brier": 0.15414269642857142,
          "n": 56
        },
        "finance": {
          "brier": 0.34681249999999997,
          "n": 34
        },
        "other": {
          "brier": 0.14122149122807018,
          "n": 57
        },
        "science": {
          "brier": 0.12905,
          "n": 2
        },
        "sports": {
          "brier": 0.21617819343065692,
          "n": 548
        },
        "weather": {
          "brier": 0.003300000000000002,
          "n": 3
        }
      }
    },
    "log_score": -0.6429527057803024
  },
  "tool_agent_claude_t03": {
    "brier": {
      "overall": 0.10906889423076924,
      "n_markets": 520,
      "by_category": {
        "crypto": {
          "brier": 0.13840208333333334,
          "n": 48
        },
        "finance": {
          "brier": 0.3363666666666667,
          "n": 24
        },
        "other": {
          "brier": 0.1013871794871795,
          "n": 39
        },
        "science": {
          "brier": 0.12545,
          "n": 2
        },
        "sports": {
          "brier": 0.09343050742574258,
          "n": 404
        },
        "weather": {
          "brier": 0.016266666666666665,
          "n": 3
        }
      }
    },
    "log_score": -0.3517157287435255
  },
  "tool_agent_gpt_t03": {
    "brier": {
      "overall": 0.14679379923518163,
      "n_markets": 523,
      "by_category": {
        "crypto": {
          "brier": 0.13966835416666668,
          "n": 48
        },
        "finance": {
          "brier": 0.36989175,
          "n": 24
        },
        "other": {
          "brier": 0.14864792307692307,
          "n": 39
        },
        "science": {
          "brier": 0.12374049999999999,
          "n": 2
        },
        "sports": {
          "brier": 0.13546895085995087,
          "n": 407
        },
        "weather": {
          "brier": 0.0036870000000000023,
          "n": 3
        }
      }
    },
    "log_score": -0.4815342226267839
  },
  "tool_agent_gemini_t03": {
    "brier": {
      "overall": 0.1307652122370937,
      "n_markets": 523,
      "by_category": {
        "crypto": {
          "brier": 0.15877291666666668,
          "n": 48
        },
        "finance": {
          "brier": 0.19608854166666667,
          "n": 24
        },
        "other": {
          "brier": 0.19413141025641026,
          "n": 39
        },
        "science": {
          "brier": 0.6105905,
          "n": 2
        },
        "sports": {
          "brier": 0.11612905405405405,
          "n": 407
        },
        "weather": {
          "brier": 0.002050000000000002,
          "n": 3
        }
      }
    },
    "log_score": -0.503321134571565
  },
  "tool_agent_claude_t07": {
    "brier": {
      "overall": 0.17390105263157896,
      "n_markets": 95,
      "by_category": {
        "crypto": {
          "brier": 0.14311041666666666,
          "n": 48
        },
        "finance": {
          "brier": 0.31345416666666664,
          "n": 24
        },
        "other": {
          "brier": 0.0942,
          "n": 19
        },
        "science": {
          "brier": 0.25,
          "n": 1
        },
        "weather": {
          "brier": 0.02953333333333333,
          "n": 3
        }
      }
    },
    "log_score": -0.5342669924709537
  },
  "tool_agent_gpt_t07": {
    "brier": {
      "overall": 0.16369085263157895,
      "n_markets": 95,
      "by_category": {
        "crypto": {
          "brier": 0.13597097916666667,
          "n": 48
        },
        "finance": {
          "brier": 0.32847362500000005,
          "n": 24
        },
        "other": {
          "brier": 0.04700478947368421,
          "n": 19
        },
        "science": {
          "brier": 0.241081,
          "n": 1
        },
        "weather": {
          "brier": 0.0021616666666666685,
          "n": 3
        }
      }
    },
    "log_score": -0.5088490061177808
  },
  "ensemble_agent": {
    "brier": {
      "overall": 0.157703407438753,
      "n_markets": 700,
      "by_category": {
        "crypto": {
          "brier": 0.14221509334897858,
          "n": 56
        },
        "finance": {
          "brier": 0.32784916989372476,
          "n": 34
        },
        "other": {
          "brier": 0.13157645032260032,
          "n": 57
        },
        "science": {
          "brier": 0.12338588160315224,
          "n": 2
        },
        "sports": {
          "brier": 0.15243528972920278,
          "n": 548
        },
        "weather": {
          "brier": 0.00010000000000000006,
          "n": 3
        }
      }
    },
    "log_score": -0.48412117426521367
  }
}